id;user_id;user_name;type;file_name
1;circuit;ability indexing;value-added Gloves;Facilitator withdrawal
2;defect;connecting neural;Sausages ivory Rustic;Ergonomic Savings
3;maroon;Singapore killer;transparent Configuration;calculating paradigm Multi-channelled
4;content Liaison;circuit;Omani Accounts;Strategist Underpass Wooden
5;Buckinghamshire;Pine program Intelligent;e-business generating Cambridgeshire;Avon
6;parsing;Handmade Islands;virtual;Missouri Awesome
7;Walks PNG invoice;optimal groupware Ball;homogeneous next-generation Bedfordshire;mobile blue index
8;redundant bluetooth;Ouguiya loyalty Savings;override;Generic redundant
9;Generic projection;Loan Sausages;initiatives Account;redundant Account
10;Benin Buckinghamshire;Meadow online connecting;Baht RAM;archive
